ID,GroupLabel,Statistic,Test_Phase,BR_Day,Unit,Value
1,Control,MEAN,PRE_TEST,10,GRANULOCYTES (%),55
2,Control,MEAN,IN_TEST,28,GRANULOCYTES (%),57
3,Control,MEAN,IN_TEST,71,GRANULOCYTES (%),56
4,Control,MEAN,POST_TEST,5,GRANULOCYTES (%),52
5,Control,SERR,PRE_TEST,10,GRANULOCYTES (%),2.7
6,Control,SERR,IN_TEST,28,GRANULOCYTES (%),2.7
7,Control,SERR,IN_TEST,71,GRANULOCYTES (%),2.8
8,Control,SERR,POST_TEST,5,GRANULOCYTES (%),2.6
9,Control,TTEST,PRE_TEST,10,GRANULOCYTES (%),NA
10,Control,TTEST,IN_TEST,28,GRANULOCYTES (%),0.622
11,Control,TTEST,IN_TEST,71,GRANULOCYTES (%),0.891
12,Control,TTEST,POST_TEST,5,GRANULOCYTES (%),0.514
13,Control,MEAN,PRE_TEST,10,LYMPHOCYTES (%),38
14,Control,MEAN,IN_TEST,28,LYMPHOCYTES (%),37
15,Control,MEAN,IN_TEST,71,LYMPHOCYTES (%),38
16,Control,MEAN,POST_TEST,5,LYMPHOCYTES (%),41
17,Control,SERR,PRE_TEST,10,LYMPHOCYTES (%),2.4
18,Control,SERR,IN_TEST,28,LYMPHOCYTES (%),2.8
19,Control,SERR,IN_TEST,71,LYMPHOCYTES (%),3.0
20,Control,SERR,POST_TEST,5,LYMPHOCYTES (%),2.7
21,Control,TTEST,PRE_TEST,10,LYMPHOCYTES (%),NA
22,Control,TTEST,IN_TEST,28,LYMPHOCYTES (%),0.759
23,Control,TTEST,IN_TEST,71,LYMPHOCYTES (%),0.966
24,Control,TTEST,POST_TEST,5,LYMPHOCYTES (%),0.385
25,Control,MEAN,PRE_TEST,10,MONOCYTES (%),5
26,Control,MEAN,IN_TEST,28,MONOCYTES (%),5
27,Control,MEAN,IN_TEST,71,MONOCYTES (%),4
28,Control,MEAN,POST_TEST,5,MONOCYTES (%),4
29,Control,SERR,PRE_TEST,10,MONOCYTES (%),0.4
30,Control,SERR,IN_TEST,28,MONOCYTES (%),0.4
31,Control,SERR,IN_TEST,71,MONOCYTES (%),0.3
32,Control,SERR,POST_TEST,5,MONOCYTES (%),0.3
33,Control,TTEST,PRE_TEST,10,MONOCYTES (%),NA
34,Control,TTEST,IN_TEST,28,MONOCYTES (%),0.467
35,Control,TTEST,IN_TEST,71,MONOCYTES (%),0.386
36,Control,TTEST,POST_TEST,5,MONOCYTES (%),0.385
37,Control,MEAN,PRE_TEST,10,CD3+ (%),69
38,Control,MEAN,IN_TEST,28,CD3+ (%),69
39,Control,MEAN,IN_TEST,71,CD3+ (%),68
40,Control,MEAN,POST_TEST,5,CD3+ (%),69
41,Control,SERR,PRE_TEST,10,CD3+ (%),2.4
42,Control,SERR,IN_TEST,28,CD3+ (%),2.5
43,Control,SERR,IN_TEST,71,CD3+ (%),1.9
44,Control,SERR,POST_TEST,5,CD3+ (%),2.0
45,Control,TTEST,PRE_TEST,10,CD3+ (%),NA
46,Control,TTEST,IN_TEST,28,CD3+ (%),0.900
47,Control,TTEST,IN_TEST,71,CD3+ (%),0.625
48,Control,TTEST,POST_TEST,5,CD3+ (%),0.776
49,Control,MEAN,PRE_TEST,10,CD19+ (%),12
50,Control,MEAN,IN_TEST,28,CD19+ (%),13
51,Control,MEAN,IN_TEST,71,CD19+ (%),13
52,Control,MEAN,POST_TEST,5,CD19+ (%),12
53,Control,SERR,PRE_TEST,10,CD19+ (%),1.1
54,Control,SERR,IN_TEST,28,CD19+ (%),1.0
55,Control,SERR,IN_TEST,71,CD19+ (%),0.9
56,Control,SERR,POST_TEST,5,CD19+ (%),1.0
57,Control,TTEST,PRE_TEST,10,CD19+ (%),NA
58,Control,TTEST,IN_TEST,28,CD19+ (%),0.395
59,Control,TTEST,IN_TEST,71,CD19+ (%),0.729
60,Control,TTEST,POST_TEST,5,CD19+ (%),0.817
61,Control,MEAN,PRE_TEST,10,CD16/56+ (%),12
62,Control,MEAN,IN_TEST,28,CD16/56+ (%),11
63,Control,MEAN,IN_TEST,71,CD16/56+ (%),12
64,Control,MEAN,POST_TEST,5,CD16/56+ (%),11
65,Control,SERR,PRE_TEST,10,CD16/56+ (%),1.7
66,Control,SERR,IN_TEST,28,CD16/56+ (%),2.1
67,Control,SERR,IN_TEST,71,CD16/56+ (%),1.9
68,Control,SERR,POST_TEST,5,CD16/56+ (%),1.5
69,Control,TTEST,PRE_TEST,10,CD16/56+ (%),NA
70,Control,TTEST,IN_TEST,28,CD16/56+ (%),0.588
71,Control,TTEST,IN_TEST,71,CD16/56+ (%),0.848
72,Control,TTEST,POST_TEST,5,CD16/56+ (%),0.529
73,Control,MEAN,PRE_TEST,10,CD3+/CD4+ (%),61
74,Control,MEAN,IN_TEST,28,CD3+/CD4+ (%),60
75,Control,MEAN,IN_TEST,71,CD3+/CD4+ (%),59
76,Control,MEAN,POST_TEST,5,CD3+/CD4+ (%),60
77,Control,SERR,PRE_TEST,10,CD3+/CD4+ (%),3.0
78,Control,SERR,IN_TEST,28,CD3+/CD4+ (%),2.7
79,Control,SERR,IN_TEST,71,CD3+/CD4+ (%),2.9
80,Control,SERR,POST_TEST,5,CD3+/CD4+ (%),3.0
81,Control,TTEST,PRE_TEST,10,CD3+/CD4+ (%),NA
82,Control,TTEST,IN_TEST,28,CD3+/CD4+ (%),0.279
83,Control,TTEST,IN_TEST,71,CD3+/CD4+ (%),0.290
84,Control,TTEST,POST_TEST,5,CD3+/CD4+ (%),0.471
85,Control,MEAN,PRE_TEST,10,CD3+/CD8+ (%),33
86,Control,MEAN,IN_TEST,28,CD3+/CD8+ (%),34
87,Control,MEAN,IN_TEST,71,CD3+/CD8+ (%),34
88,Control,MEAN,POST_TEST,5,CD3+/CD8+ (%),35
89,Control,SERR,PRE_TEST,10,CD3+/CD8+ (%),2.6
90,Control,SERR,IN_TEST,28,CD3+/CD8+ (%),2.4
91,Control,SERR,IN_TEST,71,CD3+/CD8+ (%),2.5
92,Control,SERR,POST_TEST,5,CD3+/CD8+ (%),2.6
93,Control,TTEST,PRE_TEST,10,CD3+/CD8+ (%),NA
94,Control,TTEST,IN_TEST,28,CD3+/CD8+ (%),0.050
95,Control,TTEST,IN_TEST,71,CD3+/CD8+ (%),0.094
96,Control,TTEST,POST_TEST,5,CD3+/CD8+ (%),0.075
97,Control,MEAN,PRE_TEST,10,CD4+/CD45RO+ (%),55
98,Control,MEAN,IN_TEST,28,CD4+/CD45RO+ (%),57
99,Control,MEAN,IN_TEST,71,CD4+/CD45RO+ (%),56
100,Control,MEAN,POST_TEST,5,CD4+/CD45RO+ (%),55
101,Control,SERR,PRE_TEST,10,CD4+/CD45RO+ (%),4.5
102,Control,SERR,IN_TEST,28,CD4+/CD45RO+ (%),4.9
103,Control,SERR,IN_TEST,71,CD4+/CD45RO+ (%),4.4
104,Control,SERR,POST_TEST,5,CD4+/CD45RO+ (%),4.7
105,Control,TTEST,PRE_TEST,10,CD4+/CD45RO+ (%),NA
106,Control,TTEST,IN_TEST,28,CD4+/CD45RO+ (%),0.041
107,Control,TTEST,IN_TEST,71,CD4+/CD45RO+ (%),0.286
108,Control,TTEST,POST_TEST,5,CD4+/CD45RO+ (%),0.963
109,Control,MEAN,PRE_TEST,10,CD8+/CD45RO+ (%),36
110,Control,MEAN,IN_TEST,28,CD8+/CD45RO+ (%),40
111,Control,MEAN,IN_TEST,71,CD8+/CD45RO+ (%),37
112,Control,MEAN,POST_TEST,5,CD8+/CD45RO+ (%),34
113,Control,SERR,PRE_TEST,10,CD8+/CD45RO+ (%),2.7
114,Control,SERR,IN_TEST,28,CD8+/CD45RO+ (%),3.3
115,Control,SERR,IN_TEST,71,CD8+/CD45RO+ (%),2.7
116,Control,SERR,POST_TEST,5,CD8+/CD45RO+ (%),2.5
117,Control,TTEST,PRE_TEST,10,CD8+/CD45RO+ (%),NA
118,Control,TTEST,IN_TEST,28,CD8+/CD45RO+ (%),0.040
119,Control,TTEST,IN_TEST,71,CD8+/CD45RO+ (%),0.309
120,Control,TTEST,POST_TEST,5,CD8+/CD45RO+ (%),0.123
121,Control,MEAN,PRE_TEST,10,CD4+/CD69+ (%),3
122,Control,MEAN,IN_TEST,28,CD4+/CD69+ (%),2
123,Control,MEAN,IN_TEST,71,CD4+/CD69+ (%),2
124,Control,MEAN,POST_TEST,5,CD4+/CD69+ (%),3
125,Control,SERR,PRE_TEST,10,CD4+/CD69+ (%),0.5
126,Control,SERR,IN_TEST,28,CD4+/CD69+ (%),0.4
127,Control,SERR,IN_TEST,71,CD4+/CD69+ (%),0.4
128,Control,SERR,POST_TEST,5,CD4+/CD69+ (%),0.4
129,Control,TTEST,PRE_TEST,10,CD4+/CD69+ (%),NA
130,Control,TTEST,IN_TEST,28,CD4+/CD69+ (%),0.446
131,Control,TTEST,IN_TEST,71,CD4+/CD69+ (%),0.488
132,Control,TTEST,POST_TEST,5,CD4+/CD69+ (%),0.563
133,Control,MEAN,PRE_TEST,10,CD8+/CD69+ (%),6
134,Control,MEAN,IN_TEST,28,CD8+/CD69+ (%),5
135,Control,MEAN,IN_TEST,71,CD8+/CD69+ (%),4
136,Control,MEAN,POST_TEST,5,CD8+/CD69+ (%),4
137,Control,SERR,PRE_TEST,10,CD8+/CD69+ (%),0.8
138,Control,SERR,IN_TEST,28,CD8+/CD69+ (%),0.7
139,Control,SERR,IN_TEST,71,CD8+/CD69+ (%),0.7
140,Control,SERR,POST_TEST,5,CD8+/CD69+ (%),0.7
141,Control,TTEST,PRE_TEST,10,CD8+/CD69+ (%),NA
142,Control,TTEST,IN_TEST,28,CD8+/CD69+ (%),0.161
143,Control,TTEST,IN_TEST,71,CD8+/CD69+ (%),0.034
144,Control,TTEST,POST_TEST,5,CD8+/CD69+ (%),0.012
145,Control,MEAN,PRE_TEST,10,CD4+/HLA-DR+ (%),5
146,Control,MEAN,IN_TEST,28,CD4+/HLA-DR+ (%),5
147,Control,MEAN,IN_TEST,71,CD4+/HLA-DR+ (%),5
148,Control,MEAN,POST_TEST,5,CD4+/HLA-DR+ (%),6
149,Control,SERR,PRE_TEST,10,CD4+/HLA-DR+ (%),0.8
150,Control,SERR,IN_TEST,28,CD4+/HLA-DR+ (%),1.1
151,Control,SERR,IN_TEST,71,CD4+/HLA-DR+ (%),1.1
152,Control,SERR,POST_TEST,5,CD4+/HLA-DR+ (%),1.4
153,Control,TTEST,PRE_TEST,10,CD4+/HLA-DR+ (%),NA
154,Control,TTEST,IN_TEST,28,CD4+/HLA-DR+ (%),0.401
155,Control,TTEST,IN_TEST,71,CD4+/HLA-DR+ (%),0.706
156,Control,TTEST,POST_TEST,5,CD4+/HLA-DR+ (%),0.359
157,Control,MEAN,PRE_TEST,10,CD8+/HLA-DR+ (%),7
158,Control,MEAN,IN_TEST,28,CD8+/HLA-DR+ (%),6
159,Control,MEAN,IN_TEST,71,CD8+/HLA-DR+ (%),7
160,Control,MEAN,POST_TEST,5,CD8+/HLA-DR+ (%),9
161,Control,SERR,PRE_TEST,10,CD8+/HLA-DR+ (%),2.1
162,Control,SERR,IN_TEST,28,CD8+/HLA-DR+ (%),1.7
163,Control,SERR,IN_TEST,71,CD8+/HLA-DR+ (%),1.9
164,Control,SERR,POST_TEST,5,CD8+/HLA-DR+ (%),2.7
165,Control,TTEST,PRE_TEST,10,CD8+/HLA-DR+ (%),NA
166,Control,TTEST,IN_TEST,28,CD8+/HLA-DR+ (%),0.401
167,Control,TTEST,IN_TEST,71,CD8+/HLA-DR+ (%),0.912
168,Control,TTEST,POST_TEST,5,CD8+/HLA-DR+ (%),0.588
169,Control,MEAN,PRE_TEST,10,CD4+/IL-2+ (IFNg-) (%),40
170,Control,MEAN,IN_TEST,28,CD4+/IL-2+ (IFNg-) (%),45
171,Control,MEAN,IN_TEST,71,CD4+/IL-2+ (IFNg-) (%),46
172,Control,MEAN,POST_TEST,5,CD4+/IL-2+ (IFNg-) (%),48
173,Control,SERR,PRE_TEST,10,CD4+/IL-2+ (IFNg-) (%),3.9
174,Control,SERR,IN_TEST,28,CD4+/IL-2+ (IFNg-) (%),3.0
175,Control,SERR,IN_TEST,71,CD4+/IL-2+ (IFNg-) (%),2.8
176,Control,SERR,POST_TEST,5,CD4+/IL-2+ (IFNg-) (%),2.9
177,Control,TTEST,PRE_TEST,10,CD4+/IL-2+ (IFNg-) (%),NA
178,Control,TTEST,IN_TEST,28,CD4+/IL-2+ (IFNg-) (%),0.304
179,Control,TTEST,IN_TEST,71,CD4+/IL-2+ (IFNg-) (%),0.048
180,Control,TTEST,POST_TEST,5,CD4+/IL-2+ (IFNg-) (%),0.039
181,Control,MEAN,PRE_TEST,10,CD4+/IFNg+ (%),37
182,Control,MEAN,IN_TEST,28,CD4+/IFNg+ (%),27
183,Control,MEAN,IN_TEST,71,CD4+/IFNg+ (%),26
184,Control,MEAN,POST_TEST,5,CD4+/IFNg+ (%),25
185,Control,SERR,PRE_TEST,10,CD4+/IFNg+ (%),5.6
186,Control,SERR,IN_TEST,28,CD4+/IFNg+ (%),2.6
187,Control,SERR,IN_TEST,71,CD4+/IFNg+ (%),3.5
188,Control,SERR,POST_TEST,5,CD4+/IFNg+ (%),3.3
189,Control,TTEST,PRE_TEST,10,CD4+/IFNg+ (%),NA
190,Control,TTEST,IN_TEST,28,CD4+/IFNg+ (%),0.015
191,Control,TTEST,IN_TEST,71,CD4+/IFNg+ (%),0.005
192,Control,TTEST,POST_TEST,5,CD4+/IFNg+ (%),0.027
193,Control,MEAN,PRE_TEST,10,CD8+/IFNg+ (IL-2-) (%),37
194,Control,MEAN,IN_TEST,28,CD8+/IFNg+ (IL-2-) (%),40
195,Control,MEAN,IN_TEST,71,CD8+/IFNg+ (IL-2-) (%),42
196,Control,MEAN,POST_TEST,5,CD8+/IFNg+ (IL-2-) (%),36
197,Control,SERR,PRE_TEST,10,CD8+/IFNg+ (IL-2-) (%),6.5
198,Control,SERR,IN_TEST,28,CD8+/IFNg+ (IL-2-) (%),4.9
199,Control,SERR,IN_TEST,71,CD8+/IFNg+ (IL-2-) (%),4.7
200,Control,SERR,POST_TEST,5,CD8+/IFNg+ (IL-2-) (%),4.9
201,Control,TTEST,PRE_TEST,10,CD8+/IFNg+ (IL-2-) (%),NA
202,Control,TTEST,IN_TEST,28,CD8+/IFNg+ (IL-2-) (%),0.468
203,Control,TTEST,IN_TEST,71,CD8+/IFNg+ (IL-2-) (%),0.144
204,Control,TTEST,POST_TEST,5,CD8+/IFNg+ (IL-2-) (%),0.701
205,Control,MEAN,PRE_TEST,10,CD8+/IL-2+ (%),13
206,Control,MEAN,IN_TEST,28,CD8+/IL-2+ (%),13
207,Control,MEAN,IN_TEST,71,CD8+/IL-2+ (%),13
208,Control,MEAN,POST_TEST,5,CD8+/IL-2+ (%),15
209,Control,SERR,PRE_TEST,10,CD8+/IL-2+ (%),1.6
210,Control,SERR,IN_TEST,28,CD8+/IL-2+ (%),1.4
211,Control,SERR,IN_TEST,71,CD8+/IL-2+ (%),1.1
212,Control,SERR,POST_TEST,5,CD8+/IL-2+ (%),1.4
213,Control,TTEST,PRE_TEST,10,CD8+/IL-2+ (%),NA
214,Control,TTEST,IN_TEST,28,CD8+/IL-2+ (%),0.714
215,Control,TTEST,IN_TEST,71,CD8+/IL-2+ (%),0.934
216,Control,TTEST,POST_TEST,5,CD8+/IL-2+ (%),0.437
217,Control,MEAN,PRE_TEST,10,CD4+/CD69+/CD25+ (%) A+B-24hr,11
218,Control,MEAN,IN_TEST,28,CD4+/CD69+/CD25+ (%) A+B-24hr,11
219,Control,MEAN,IN_TEST,71,CD4+/CD69+/CD25+ (%) A+B-24hr,12
220,Control,MEAN,POST_TEST,5,CD4+/CD69+/CD25+ (%) A+B-24hr,11
221,Control,SERR,PRE_TEST,10,CD4+/CD69+/CD25+ (%) A+B-24hr,1.2
222,Control,SERR,IN_TEST,28,CD4+/CD69+/CD25+ (%) A+B-24hr,1.4
223,Control,SERR,IN_TEST,71,CD4+/CD69+/CD25+ (%) A+B-24hr,1.2
224,Control,SERR,POST_TEST,5,CD4+/CD69+/CD25+ (%) A+B-24hr,1.6
225,Control,TTEST,PRE_TEST,10,CD4+/CD69+/CD25+ (%) A+B-24hr,NA
226,Control,TTEST,IN_TEST,28,CD4+/CD69+/CD25+ (%) A+B-24hr,0.695
227,Control,TTEST,IN_TEST,71,CD4+/CD69+/CD25+ (%) A+B-24hr,0.439
228,Control,TTEST,POST_TEST,5,CD4+/CD69+/CD25+ (%) A+B-24hr,0.899
229,Control,MEAN,PRE_TEST,10,CD8+/CD69+/CD25+ (%) A+B-24hr,6
230,Control,MEAN,IN_TEST,28,CD8+/CD69+/CD25+ (%) A+B-24hr,4
231,Control,MEAN,IN_TEST,71,CD8+/CD69+/CD25+ (%) A+B-24hr,4
232,Control,MEAN,POST_TEST,5,CD8+/CD69+/CD25+ (%) A+B-24hr,5
233,Control,SERR,PRE_TEST,10,CD8+/CD69+/CD25+ (%) A+B-24hr,1.0
234,Control,SERR,IN_TEST,28,CD8+/CD69+/CD25+ (%) A+B-24hr,0.6
235,Control,SERR,IN_TEST,71,CD8+/CD69+/CD25+ (%) A+B-24hr,0.5
236,Control,SERR,POST_TEST,5,CD8+/CD69+/CD25+ (%) A+B-24hr,0.6
237,Control,TTEST,PRE_TEST,10,CD8+/CD69+/CD25+ (%) A+B-24hr,NA
238,Control,TTEST,IN_TEST,28,CD8+/CD69+/CD25+ (%) A+B-24hr,0.027
239,Control,TTEST,IN_TEST,71,CD8+/CD69+/CD25+ (%) A+B-24hr,0.046
240,Control,TTEST,POST_TEST,5,CD8+/CD69+/CD25+ (%) A+B-24hr,0.270
241,Control,MEAN,PRE_TEST,10,CD4+/CD69+/CD25+ (%) 3/28 24hr,56
242,Control,MEAN,IN_TEST,28,CD4+/CD69+/CD25+ (%) 3/28 24hr,57
243,Control,MEAN,IN_TEST,71,CD4+/CD69+/CD25+ (%) 3/28 24hr,54
244,Control,MEAN,POST_TEST,5,CD4+/CD69+/CD25+ (%) 3/28 24hr,58
245,Control,SERR,PRE_TEST,10,CD4+/CD69+/CD25+ (%) 3/28 24hr,3.5
246,Control,SERR,IN_TEST,28,CD4+/CD69+/CD25+ (%) 3/28 24hr,4.4
247,Control,SERR,IN_TEST,71,CD4+/CD69+/CD25+ (%) 3/28 24hr,4.1
248,Control,SERR,POST_TEST,5,CD4+/CD69+/CD25+ (%) 3/28 24hr,3.7
249,Control,TTEST,PRE_TEST,10,CD4+/CD69+/CD25+ (%) 3/28 24hr,NA
250,Control,TTEST,IN_TEST,28,CD4+/CD69+/CD25+ (%) 3/28 24hr,0.664
251,Control,TTEST,IN_TEST,71,CD4+/CD69+/CD25+ (%) 3/28 24hr,0.292
252,Control,TTEST,POST_TEST,5,CD4+/CD69+/CD25+ (%) 3/28 24hr,0.658
253,Control,MEAN,PRE_TEST,10,CD8+/CD69+/CD25+ (%) 3/28/24hr,36
254,Control,MEAN,IN_TEST,28,CD8+/CD69+/CD25+ (%) 3/28/24hr,37
255,Control,MEAN,IN_TEST,71,CD8+/CD69+/CD25+ (%) 3/28/24hr,30
256,Control,MEAN,POST_TEST,5,CD8+/CD69+/CD25+ (%) 3/28/24hr,35
257,Control,SERR,PRE_TEST,10,CD8+/CD69+/CD25+ (%) 3/28/24hr,6.8
258,Control,SERR,IN_TEST,28,CD8+/CD69+/CD25+ (%) 3/28/24hr,4.7
259,Control,SERR,IN_TEST,71,CD8+/CD69+/CD25+ (%) 3/28/24hr,3.1
260,Control,SERR,POST_TEST,5,CD8+/CD69+/CD25+ (%) 3/28/24hr,3.8
261,Control,TTEST,PRE_TEST,10,CD8+/CD69+/CD25+ (%) 3/28/24hr,NA
262,Control,TTEST,IN_TEST,28,CD8+/CD69+/CD25+ (%) 3/28/24hr,0.938
263,Control,TTEST,IN_TEST,71,CD8+/CD69+/CD25+ (%) 3/28/24hr,0.313
264,Control,TTEST,POST_TEST,5,CD8+/CD69+/CD25+ (%) 3/28/24hr,0.827
265,Exercise,MEAN,PRE_TEST,10,GRANULOCYTES (%),55
266,Exercise,MEAN,IN_TEST,28,GRANULOCYTES (%),55
267,Exercise,MEAN,IN_TEST,71,GRANULOCYTES (%),55
268,Exercise,MEAN,POST_TEST,5,GRANULOCYTES (%),55
269,Exercise,SERR,PRE_TEST,10,GRANULOCYTES (%),1.8
270,Exercise,SERR,IN_TEST,28,GRANULOCYTES (%),2.5
271,Exercise,SERR,IN_TEST,71,GRANULOCYTES (%),1.7
272,Exercise,SERR,POST_TEST,5,GRANULOCYTES (%),1.6
273,Exercise,TTEST,PRE_TEST,10,GRANULOCYTES (%),NA
274,Exercise,TTEST,IN_TEST,28,GRANULOCYTES (%),0.863
275,Exercise,TTEST,IN_TEST,71,GRANULOCYTES (%),0.924
276,Exercise,TTEST,POST_TEST,5,GRANULOCYTES (%),0.988
277,Exercise,MEAN,PRE_TEST,10,LYMPHOCYTES (%),39
278,Exercise,MEAN,IN_TEST,28,LYMPHOCYTES (%),39
279,Exercise,MEAN,IN_TEST,71,LYMPHOCYTES (%),38
280,Exercise,MEAN,POST_TEST,5,LYMPHOCYTES (%),37
281,Exercise,SERR,PRE_TEST,10,LYMPHOCYTES (%),2.1
282,Exercise,SERR,IN_TEST,28,LYMPHOCYTES (%),2.7
283,Exercise,SERR,IN_TEST,71,LYMPHOCYTES (%),1.9
284,Exercise,SERR,POST_TEST,5,LYMPHOCYTES (%),1.9
285,Exercise,TTEST,PRE_TEST,10,LYMPHOCYTES (%),NA
286,Exercise,TTEST,IN_TEST,28,LYMPHOCYTES (%),0.917
287,Exercise,TTEST,IN_TEST,71,LYMPHOCYTES (%),0.923
288,Exercise,TTEST,POST_TEST,5,LYMPHOCYTES (%),0.335
289,Exercise,MEAN,PRE_TEST,10,MONOCYTES (%),4
290,Exercise,MEAN,IN_TEST,28,MONOCYTES (%),5
291,Exercise,MEAN,IN_TEST,71,MONOCYTES (%),5
292,Exercise,MEAN,POST_TEST,5,MONOCYTES (%),5
293,Exercise,SERR,PRE_TEST,10,MONOCYTES (%),0.3
294,Exercise,SERR,IN_TEST,28,MONOCYTES (%),0.4
295,Exercise,SERR,IN_TEST,71,MONOCYTES (%),0.3
296,Exercise,SERR,POST_TEST,5,MONOCYTES (%),0.3
297,Exercise,TTEST,PRE_TEST,10,MONOCYTES (%),NA
298,Exercise,TTEST,IN_TEST,28,MONOCYTES (%),0.008
299,Exercise,TTEST,IN_TEST,71,MONOCYTES (%),0.048
300,Exercise,TTEST,POST_TEST,5,MONOCYTES (%),0.037
301,Exercise,MEAN,PRE_TEST,10,CD3+ (%),69
302,Exercise,MEAN,IN_TEST,28,CD3+ (%),69
303,Exercise,MEAN,IN_TEST,71,CD3+ (%),68
304,Exercise,MEAN,POST_TEST,5,CD3+ (%),70
305,Exercise,SERR,PRE_TEST,10,CD3+ (%),2.1
306,Exercise,SERR,IN_TEST,28,CD3+ (%),2.0
307,Exercise,SERR,IN_TEST,71,CD3+ (%),2.1
308,Exercise,SERR,POST_TEST,5,CD3+ (%),2.0
309,Exercise,TTEST,PRE_TEST,10,CD3+ (%),NA
310,Exercise,TTEST,IN_TEST,28,CD3+ (%),0.504
311,Exercise,TTEST,IN_TEST,71,CD3+ (%),0.840
312,Exercise,TTEST,POST_TEST,5,CD3+ (%),0.166
313,Exercise,MEAN,PRE_TEST,10,CD19+ (%),10
314,Exercise,MEAN,IN_TEST,28,CD19+ (%),10
315,Exercise,MEAN,IN_TEST,71,CD19+ (%),11
316,Exercise,MEAN,POST_TEST,5,CD19+ (%),11
317,Exercise,SERR,PRE_TEST,10,CD19+ (%),1.4
318,Exercise,SERR,IN_TEST,28,CD19+ (%),1.1
319,Exercise,SERR,IN_TEST,71,CD19+ (%),1.3
320,Exercise,SERR,POST_TEST,5,CD19+ (%),1.2
321,Exercise,TTEST,PRE_TEST,10,CD19+ (%),NA
322,Exercise,TTEST,IN_TEST,28,CD19+ (%),0.260
323,Exercise,TTEST,IN_TEST,71,CD19+ (%),0.044
324,Exercise,TTEST,POST_TEST,5,CD19+ (%),0.060
325,Exercise,MEAN,PRE_TEST,10,CD16/56+ (%),14
326,Exercise,MEAN,IN_TEST,28,CD16/56+ (%),13
327,Exercise,MEAN,IN_TEST,71,CD16/56+ (%),14
328,Exercise,MEAN,POST_TEST,5,CD16/56+ (%),13
329,Exercise,SERR,PRE_TEST,10,CD16/56+ (%),2.2
330,Exercise,SERR,IN_TEST,28,CD16/56+ (%),2.0
331,Exercise,SERR,IN_TEST,71,CD16/56+ (%),2.1
332,Exercise,SERR,POST_TEST,5,CD16/56+ (%),2.1
333,Exercise,TTEST,PRE_TEST,10,CD16/56+ (%),NA
334,Exercise,TTEST,IN_TEST,28,CD16/56+ (%),0.211
335,Exercise,TTEST,IN_TEST,71,CD16/56+ (%),0.692
336,Exercise,TTEST,POST_TEST,5,CD16/56+ (%),0.592
337,Exercise,MEAN,PRE_TEST,10,CD3+/CD4+ (%),58
338,Exercise,MEAN,IN_TEST,28,CD3+/CD4+ (%),59
339,Exercise,MEAN,IN_TEST,71,CD3+/CD4+ (%),59
340,Exercise,MEAN,POST_TEST,5,CD3+/CD4+ (%),59
341,Exercise,SERR,PRE_TEST,10,CD3+/CD4+ (%),4.0
342,Exercise,SERR,IN_TEST,28,CD3+/CD4+ (%),3.1
343,Exercise,SERR,IN_TEST,71,CD3+/CD4+ (%),3.5
344,Exercise,SERR,POST_TEST,5,CD3+/CD4+ (%),3.3
345,Exercise,TTEST,PRE_TEST,10,CD3+/CD4+ (%),NA
346,Exercise,TTEST,IN_TEST,28,CD3+/CD4+ (%),0.583
347,Exercise,TTEST,IN_TEST,71,CD3+/CD4+ (%),0.512
348,Exercise,TTEST,POST_TEST,5,CD3+/CD4+ (%),0.874
349,Exercise,MEAN,PRE_TEST,10,CD3+/CD8+ (%),34
350,Exercise,MEAN,IN_TEST,28,CD3+/CD8+ (%),34
351,Exercise,MEAN,IN_TEST,71,CD3+/CD8+ (%),34
352,Exercise,MEAN,POST_TEST,5,CD3+/CD8+ (%),34
353,Exercise,SERR,PRE_TEST,10,CD3+/CD8+ (%),3.6
354,Exercise,SERR,IN_TEST,28,CD3+/CD8+ (%),3.1
355,Exercise,SERR,IN_TEST,71,CD3+/CD8+ (%),3.3
356,Exercise,SERR,POST_TEST,5,CD3+/CD8+ (%),3.2
357,Exercise,TTEST,PRE_TEST,10,CD3+/CD8+ (%),NA
358,Exercise,TTEST,IN_TEST,28,CD3+/CD8+ (%),0.620
359,Exercise,TTEST,IN_TEST,71,CD3+/CD8+ (%),0.515
360,Exercise,TTEST,POST_TEST,5,CD3+/CD8+ (%),0.933
361,Exercise,MEAN,PRE_TEST,10,CD4+/CD45RO+ (%),55
362,Exercise,MEAN,IN_TEST,28,CD4+/CD45RO+ (%),56
363,Exercise,MEAN,IN_TEST,71,CD4+/CD45RO+ (%),56
364,Exercise,MEAN,POST_TEST,5,CD4+/CD45RO+ (%),56
365,Exercise,SERR,PRE_TEST,10,CD4+/CD45RO+ (%),4.2
366,Exercise,SERR,IN_TEST,28,CD4+/CD45RO+ (%),3.8
367,Exercise,SERR,IN_TEST,71,CD4+/CD45RO+ (%),3.8
368,Exercise,SERR,POST_TEST,5,CD4+/CD45RO+ (%),3.6
369,Exercise,TTEST,PRE_TEST,10,CD4+/CD45RO+ (%),NA
370,Exercise,TTEST,IN_TEST,28,CD4+/CD45RO+ (%),0.372
371,Exercise,TTEST,IN_TEST,71,CD4+/CD45RO+ (%),0.500
372,Exercise,TTEST,POST_TEST,5,CD4+/CD45RO+ (%),0.762
373,Exercise,MEAN,PRE_TEST,10,CD8+/CD45RO+ (%),36
374,Exercise,MEAN,IN_TEST,28,CD8+/CD45RO+ (%),36
375,Exercise,MEAN,IN_TEST,71,CD8+/CD45RO+ (%),38
376,Exercise,MEAN,POST_TEST,5,CD8+/CD45RO+ (%),36
377,Exercise,SERR,PRE_TEST,10,CD8+/CD45RO+ (%),2.4
378,Exercise,SERR,IN_TEST,28,CD8+/CD45RO+ (%),3.1
379,Exercise,SERR,IN_TEST,71,CD8+/CD45RO+ (%),2.9
380,Exercise,SERR,POST_TEST,5,CD8+/CD45RO+ (%),3.2
381,Exercise,TTEST,PRE_TEST,10,CD8+/CD45RO+ (%),NA
382,Exercise,TTEST,IN_TEST,28,CD8+/CD45RO+ (%),0.894
383,Exercise,TTEST,IN_TEST,71,CD8+/CD45RO+ (%),0.050
384,Exercise,TTEST,POST_TEST,5,CD8+/CD45RO+ (%),0.856
385,Exercise,MEAN,PRE_TEST,10,CD4+/CD69+ (%),2
386,Exercise,MEAN,IN_TEST,28,CD4+/CD69+ (%),2
387,Exercise,MEAN,IN_TEST,71,CD4+/CD69+ (%),2
388,Exercise,MEAN,POST_TEST,5,CD4+/CD69+ (%),3
389,Exercise,SERR,PRE_TEST,10,CD4+/CD69+ (%),0.3
390,Exercise,SERR,IN_TEST,28,CD4+/CD69+ (%),0.5
391,Exercise,SERR,IN_TEST,71,CD4+/CD69+ (%),0.9
392,Exercise,SERR,POST_TEST,5,CD4+/CD69+ (%),1.2
393,Exercise,TTEST,PRE_TEST,10,CD4+/CD69+ (%),NA
394,Exercise,TTEST,IN_TEST,28,CD4+/CD69+ (%),0.062
395,Exercise,TTEST,IN_TEST,71,CD4+/CD69+ (%),0.383
396,Exercise,TTEST,POST_TEST,5,CD4+/CD69+ (%),0.260
397,Exercise,MEAN,PRE_TEST,10,CD8+/CD69+ (%),4
398,Exercise,MEAN,IN_TEST,28,CD8+/CD69+ (%),4
399,Exercise,MEAN,IN_TEST,71,CD8+/CD69+ (%),2
400,Exercise,MEAN,POST_TEST,5,CD8+/CD69+ (%),3
401,Exercise,SERR,PRE_TEST,10,CD8+/CD69+ (%),1.2
402,Exercise,SERR,IN_TEST,28,CD8+/CD69+ (%),1.0
403,Exercise,SERR,IN_TEST,71,CD8+/CD69+ (%),0.5
404,Exercise,SERR,POST_TEST,5,CD8+/CD69+ (%),0.6
405,Exercise,TTEST,PRE_TEST,10,CD8+/CD69+ (%),NA
406,Exercise,TTEST,IN_TEST,28,CD8+/CD69+ (%),0.781
407,Exercise,TTEST,IN_TEST,71,CD8+/CD69+ (%),0.217
408,Exercise,TTEST,POST_TEST,5,CD8+/CD69+ (%),0.273
409,Exercise,MEAN,PRE_TEST,10,CD4+/HLA-DR+ (%),4
410,Exercise,MEAN,IN_TEST,28,CD4+/HLA-DR+ (%),5
411,Exercise,MEAN,IN_TEST,71,CD4+/HLA-DR+ (%),4
412,Exercise,MEAN,POST_TEST,5,CD4+/HLA-DR+ (%),5
413,Exercise,SERR,PRE_TEST,10,CD4+/HLA-DR+ (%),1.2
414,Exercise,SERR,IN_TEST,28,CD4+/HLA-DR+ (%),1.6
415,Exercise,SERR,IN_TEST,71,CD4+/HLA-DR+ (%),1.3
416,Exercise,SERR,POST_TEST,5,CD4+/HLA-DR+ (%),1.4
417,Exercise,TTEST,PRE_TEST,10,CD4+/HLA-DR+ (%),NA
418,Exercise,TTEST,IN_TEST,28,CD4+/HLA-DR+ (%),0.089
419,Exercise,TTEST,IN_TEST,71,CD4+/HLA-DR+ (%),0.606
420,Exercise,TTEST,POST_TEST,5,CD4+/HLA-DR+ (%),0.284
421,Exercise,MEAN,PRE_TEST,10,CD8+/HLA-DR+ (%),6
422,Exercise,MEAN,IN_TEST,28,CD8+/HLA-DR+ (%),6
423,Exercise,MEAN,IN_TEST,71,CD8+/HLA-DR+ (%),4
424,Exercise,MEAN,POST_TEST,5,CD8+/HLA-DR+ (%),4
425,Exercise,SERR,PRE_TEST,10,CD8+/HLA-DR+ (%),2.4
426,Exercise,SERR,IN_TEST,28,CD8+/HLA-DR+ (%),1.9
427,Exercise,SERR,IN_TEST,71,CD8+/HLA-DR+ (%),1.1
428,Exercise,SERR,POST_TEST,5,CD8+/HLA-DR+ (%),1.4
429,Exercise,TTEST,PRE_TEST,10,CD8+/HLA-DR+ (%),NA
430,Exercise,TTEST,IN_TEST,28,CD8+/HLA-DR+ (%),0.880
431,Exercise,TTEST,IN_TEST,71,CD8+/HLA-DR+ (%),0.176
432,Exercise,TTEST,POST_TEST,5,CD8+/HLA-DR+ (%),0.267
433,Exercise,MEAN,PRE_TEST,10,CD4+/IL-2+ (IFNg-) (%),43
434,Exercise,MEAN,IN_TEST,28,CD4+/IL-2+ (IFNg-) (%),49
435,Exercise,MEAN,IN_TEST,71,CD4+/IL-2+ (IFNg-) (%),47
436,Exercise,MEAN,POST_TEST,5,CD4+/IL-2+ (IFNg-) (%),50
437,Exercise,SERR,PRE_TEST,10,CD4+/IL-2+ (IFNg-) (%),2.2
438,Exercise,SERR,IN_TEST,28,CD4+/IL-2+ (IFNg-) (%),1.5
439,Exercise,SERR,IN_TEST,71,CD4+/IL-2+ (IFNg-) (%),3.5
440,Exercise,SERR,POST_TEST,5,CD4+/IL-2+ (IFNg-) (%),2.5
441,Exercise,TTEST,PRE_TEST,10,CD4+/IL-2+ (IFNg-) (%),NA
442,Exercise,TTEST,IN_TEST,28,CD4+/IL-2+ (IFNg-) (%),0.018
443,Exercise,TTEST,IN_TEST,71,CD4+/IL-2+ (IFNg-) (%),0.218
444,Exercise,TTEST,POST_TEST,5,CD4+/IL-2+ (IFNg-) (%),0.032
445,Exercise,MEAN,PRE_TEST,10,CD4+/IFNg+ (%),30
446,Exercise,MEAN,IN_TEST,28,CD4+/IFNg+ (%),26
447,Exercise,MEAN,IN_TEST,71,CD4+/IFNg+ (%),28
448,Exercise,MEAN,POST_TEST,5,CD4+/IFNg+ (%),27
449,Exercise,SERR,PRE_TEST,10,CD4+/IFNg+ (%),3.7
450,Exercise,SERR,IN_TEST,28,CD4+/IFNg+ (%),3.1
451,Exercise,SERR,IN_TEST,71,CD4+/IFNg+ (%),3.3
452,Exercise,SERR,POST_TEST,5,CD4+/IFNg+ (%),3.0
453,Exercise,TTEST,PRE_TEST,10,CD4+/IFNg+ (%),NA
454,Exercise,TTEST,IN_TEST,28,CD4+/IFNg+ (%),0.063
455,Exercise,TTEST,IN_TEST,71,CD4+/IFNg+ (%),0.605
456,Exercise,TTEST,POST_TEST,5,CD4+/IFNg+ (%),0.139
457,Exercise,MEAN,PRE_TEST,10,CD8+/IFNg+ (IL-2-) (%),35
458,Exercise,MEAN,IN_TEST,28,CD8+/IFNg+ (IL-2-) (%),35
459,Exercise,MEAN,IN_TEST,71,CD8+/IFNg+ (IL-2-) (%),39
460,Exercise,MEAN,POST_TEST,5,CD8+/IFNg+ (IL-2-) (%),35
461,Exercise,SERR,PRE_TEST,10,CD8+/IFNg+ (IL-2-) (%),5.0
462,Exercise,SERR,IN_TEST,28,CD8+/IFNg+ (IL-2-) (%),4.3
463,Exercise,SERR,IN_TEST,71,CD8+/IFNg+ (IL-2-) (%),4.1
464,Exercise,SERR,POST_TEST,5,CD8+/IFNg+ (IL-2-) (%),4.9
465,Exercise,TTEST,PRE_TEST,10,CD8+/IFNg+ (IL-2-) (%),NA
466,Exercise,TTEST,IN_TEST,28,CD8+/IFNg+ (IL-2-) (%),0.913
467,Exercise,TTEST,IN_TEST,71,CD8+/IFNg+ (IL-2-) (%),0.213
468,Exercise,TTEST,POST_TEST,5,CD8+/IFNg+ (IL-2-) (%),0.963
469,Exercise,MEAN,PRE_TEST,10,CD8+/IL-2+ (%),14
470,Exercise,MEAN,IN_TEST,28,CD8+/IL-2+ (%),16
471,Exercise,MEAN,IN_TEST,71,CD8+/IL-2+ (%),15
472,Exercise,MEAN,POST_TEST,5,CD8+/IL-2+ (%),17
473,Exercise,SERR,PRE_TEST,10,CD8+/IL-2+ (%),1.3
474,Exercise,SERR,IN_TEST,28,CD8+/IL-2+ (%),1.0
475,Exercise,SERR,IN_TEST,71,CD8+/IL-2+ (%),1.8
476,Exercise,SERR,POST_TEST,5,CD8+/IL-2+ (%),1.5
477,Exercise,TTEST,PRE_TEST,10,CD8+/IL-2+ (%),NA
478,Exercise,TTEST,IN_TEST,28,CD8+/IL-2+ (%),0.124
479,Exercise,TTEST,IN_TEST,71,CD8+/IL-2+ (%),0.466
480,Exercise,TTEST,POST_TEST,5,CD8+/IL-2+ (%),0.054
481,Exercise,MEAN,PRE_TEST,10,CD4+/CD69+/CD25+ (%) A+B-24hr,11
482,Exercise,MEAN,IN_TEST,28,CD4+/CD69+/CD25+ (%) A+B-24hr,11
483,Exercise,MEAN,IN_TEST,71,CD4+/CD69+/CD25+ (%) A+B-24hr,11
484,Exercise,MEAN,POST_TEST,5,CD4+/CD69+/CD25+ (%) A+B-24hr,10
485,Exercise,SERR,PRE_TEST,10,CD4+/CD69+/CD25+ (%) A+B-24hr,1.7
486,Exercise,SERR,IN_TEST,28,CD4+/CD69+/CD25+ (%) A+B-24hr,1.5
487,Exercise,SERR,IN_TEST,71,CD4+/CD69+/CD25+ (%) A+B-24hr,1.2
488,Exercise,SERR,POST_TEST,5,CD4+/CD69+/CD25+ (%) A+B-24hr,1.6
489,Exercise,TTEST,PRE_TEST,10,CD4+/CD69+/CD25+ (%) A+B-24hr,NA
490,Exercise,TTEST,IN_TEST,28,CD4+/CD69+/CD25+ (%) A+B-24hr,0.906
491,Exercise,TTEST,IN_TEST,71,CD4+/CD69+/CD25+ (%) A+B-24hr,0.735
492,Exercise,TTEST,POST_TEST,5,CD4+/CD69+/CD25+ (%) A+B-24hr,0.190
493,Exercise,MEAN,PRE_TEST,10,CD8+/CD69+/CD25+ (%) A+B-24hr,4
494,Exercise,MEAN,IN_TEST,28,CD8+/CD69+/CD25+ (%) A+B-24hr,5
495,Exercise,MEAN,IN_TEST,71,CD8+/CD69+/CD25+ (%) A+B-24hr,4
496,Exercise,MEAN,POST_TEST,5,CD8+/CD69+/CD25+ (%) A+B-24hr,5
497,Exercise,SERR,PRE_TEST,10,CD8+/CD69+/CD25+ (%) A+B-24hr,0.6
498,Exercise,SERR,IN_TEST,28,CD8+/CD69+/CD25+ (%) A+B-24hr,0.6
499,Exercise,SERR,IN_TEST,71,CD8+/CD69+/CD25+ (%) A+B-24hr,0.6
500,Exercise,SERR,POST_TEST,5,CD8+/CD69+/CD25+ (%) A+B-24hr,1.0
501,Exercise,TTEST,PRE_TEST,10,CD8+/CD69+/CD25+ (%) A+B-24hr,NA
502,Exercise,TTEST,IN_TEST,28,CD8+/CD69+/CD25+ (%) A+B-24hr,0.173
503,Exercise,TTEST,IN_TEST,71,CD8+/CD69+/CD25+ (%) A+B-24hr,0.805
504,Exercise,TTEST,POST_TEST,5,CD8+/CD69+/CD25+ (%) A+B-24hr,0.316
505,Exercise,MEAN,PRE_TEST,10,CD4+/CD69+/CD25+ (%) 3/28 24hr,54
506,Exercise,MEAN,IN_TEST,28,CD4+/CD69+/CD25+ (%) 3/28 24hr,61
507,Exercise,MEAN,IN_TEST,71,CD4+/CD69+/CD25+ (%) 3/28 24hr,60
508,Exercise,MEAN,POST_TEST,5,CD4+/CD69+/CD25+ (%) 3/28 24hr,57
509,Exercise,SERR,PRE_TEST,10,CD4+/CD69+/CD25+ (%) 3/28 24hr,4.0
510,Exercise,SERR,IN_TEST,28,CD4+/CD69+/CD25+ (%) 3/28 24hr,1.4
511,Exercise,SERR,IN_TEST,71,CD4+/CD69+/CD25+ (%) 3/28 24hr,3.0
512,Exercise,SERR,POST_TEST,5,CD4+/CD69+/CD25+ (%) 3/28 24hr,4.7
513,Exercise,TTEST,PRE_TEST,10,CD4+/CD69+/CD25+ (%) 3/28 24hr,NA
514,Exercise,TTEST,IN_TEST,28,CD4+/CD69+/CD25+ (%) 3/28 24hr,0.130
515,Exercise,TTEST,IN_TEST,71,CD4+/CD69+/CD25+ (%) 3/28 24hr,0.236
516,Exercise,TTEST,POST_TEST,5,CD4+/CD69+/CD25+ (%) 3/28 24hr,0.629
517,Exercise,MEAN,PRE_TEST,10,CD8+/CD69+/CD25+ (%) 3/28/24hr,35
518,Exercise,MEAN,IN_TEST,28,CD8+/CD69+/CD25+ (%) 3/28/24hr,42
519,Exercise,MEAN,IN_TEST,71,CD8+/CD69+/CD25+ (%) 3/28/24hr,44
520,Exercise,MEAN,POST_TEST,5,CD8+/CD69+/CD25+ (%) 3/28/24hr,37
521,Exercise,SERR,PRE_TEST,10,CD8+/CD69+/CD25+ (%) 3/28/24hr,2.2
522,Exercise,SERR,IN_TEST,28,CD8+/CD69+/CD25+ (%) 3/28/24hr,5.2
523,Exercise,SERR,IN_TEST,71,CD8+/CD69+/CD25+ (%) 3/28/24hr,4.3
524,Exercise,SERR,POST_TEST,5,CD8+/CD69+/CD25+ (%) 3/28/24hr,5.1
525,Exercise,TTEST,PRE_TEST,10,CD8+/CD69+/CD25+ (%) 3/28/24hr,NA
526,Exercise,TTEST,IN_TEST,28,CD8+/CD69+/CD25+ (%) 3/28/24hr,0.336
527,Exercise,TTEST,IN_TEST,71,CD8+/CD69+/CD25+ (%) 3/28/24hr,0.150
528,Exercise,TTEST,POST_TEST,5,CD8+/CD69+/CD25+ (%) 3/28/24hr,0.808
529,Exercise + Testosterone,MEAN,PRE_TEST,10,GRANULOCYTES (%),54
530,Exercise + Testosterone,MEAN,IN_TEST,28,GRANULOCYTES (%),56
531,Exercise + Testosterone,MEAN,IN_TEST,71,GRANULOCYTES (%),57
532,Exercise + Testosterone,MEAN,POST_TEST,5,GRANULOCYTES (%),55
533,Exercise + Testosterone,SERR,PRE_TEST,10,GRANULOCYTES (%),2.2
534,Exercise + Testosterone,SERR,IN_TEST,28,GRANULOCYTES (%),2.8
535,Exercise + Testosterone,SERR,IN_TEST,71,GRANULOCYTES (%),1.3
536,Exercise + Testosterone,SERR,POST_TEST,5,GRANULOCYTES (%),2.8
537,Exercise + Testosterone,TTEST,PRE_TEST,10,GRANULOCYTES (%),NA
538,Exercise + Testosterone,TTEST,IN_TEST,28,GRANULOCYTES (%),0.273
539,Exercise + Testosterone,TTEST,IN_TEST,71,GRANULOCYTES (%),0.070
540,Exercise + Testosterone,TTEST,POST_TEST,5,GRANULOCYTES (%),0.590
541,Exercise + Testosterone,MEAN,PRE_TEST,10,LYMPHOCYTES (%),40
542,Exercise + Testosterone,MEAN,IN_TEST,28,LYMPHOCYTES (%),37
543,Exercise + Testosterone,MEAN,IN_TEST,71,LYMPHOCYTES (%),35
544,Exercise + Testosterone,MEAN,POST_TEST,5,LYMPHOCYTES (%),38
545,Exercise + Testosterone,SERR,PRE_TEST,10,LYMPHOCYTES (%),1.7
546,Exercise + Testosterone,SERR,IN_TEST,28,LYMPHOCYTES (%),2.1
547,Exercise + Testosterone,SERR,IN_TEST,71,LYMPHOCYTES (%),1.1
548,Exercise + Testosterone,SERR,POST_TEST,5,LYMPHOCYTES (%),2.6
549,Exercise + Testosterone,TTEST,PRE_TEST,10,LYMPHOCYTES (%),NA
550,Exercise + Testosterone,TTEST,IN_TEST,28,LYMPHOCYTES (%),0.103
551,Exercise + Testosterone,TTEST,IN_TEST,71,LYMPHOCYTES (%),0.036
552,Exercise + Testosterone,TTEST,POST_TEST,5,LYMPHOCYTES (%),0.473
553,Exercise + Testosterone,MEAN,PRE_TEST,10,MONOCYTES (%),5
554,Exercise + Testosterone,MEAN,IN_TEST,28,MONOCYTES (%),4
555,Exercise + Testosterone,MEAN,IN_TEST,71,MONOCYTES (%),5
556,Exercise + Testosterone,MEAN,POST_TEST,5,MONOCYTES (%),4
557,Exercise + Testosterone,SERR,PRE_TEST,10,MONOCYTES (%),0.6
558,Exercise + Testosterone,SERR,IN_TEST,28,MONOCYTES (%),0.9
559,Exercise + Testosterone,SERR,IN_TEST,71,MONOCYTES (%),0.7
560,Exercise + Testosterone,SERR,POST_TEST,5,MONOCYTES (%),0.5
561,Exercise + Testosterone,TTEST,PRE_TEST,10,MONOCYTES (%),NA
562,Exercise + Testosterone,TTEST,IN_TEST,28,MONOCYTES (%),0.717
563,Exercise + Testosterone,TTEST,IN_TEST,71,MONOCYTES (%),0.844
564,Exercise + Testosterone,TTEST,POST_TEST,5,MONOCYTES (%),0.718
565,Exercise + Testosterone,MEAN,PRE_TEST,10,CD3+ (%),69
566,Exercise + Testosterone,MEAN,IN_TEST,28,CD3+ (%),69
567,Exercise + Testosterone,MEAN,IN_TEST,71,CD3+ (%),69
568,Exercise + Testosterone,MEAN,POST_TEST,5,CD3+ (%),69
569,Exercise + Testosterone,SERR,PRE_TEST,10,CD3+ (%),2.3
570,Exercise + Testosterone,SERR,IN_TEST,28,CD3+ (%),3.2
571,Exercise + Testosterone,SERR,IN_TEST,71,CD3+ (%),3.0
572,Exercise + Testosterone,SERR,POST_TEST,5,CD3+ (%),3.6
573,Exercise + Testosterone,TTEST,PRE_TEST,10,CD3+ (%),NA
574,Exercise + Testosterone,TTEST,IN_TEST,28,CD3+ (%),0.903
575,Exercise + Testosterone,TTEST,IN_TEST,71,CD3+ (%),0.926
576,Exercise + Testosterone,TTEST,POST_TEST,5,CD3+ (%),0.840
577,Exercise + Testosterone,MEAN,PRE_TEST,10,CD19+ (%),11
578,Exercise + Testosterone,MEAN,IN_TEST,28,CD19+ (%),11
579,Exercise + Testosterone,MEAN,IN_TEST,71,CD19+ (%),10
580,Exercise + Testosterone,MEAN,POST_TEST,5,CD19+ (%),10
581,Exercise + Testosterone,SERR,PRE_TEST,10,CD19+ (%),2.3
582,Exercise + Testosterone,SERR,IN_TEST,28,CD19+ (%),2.4
583,Exercise + Testosterone,SERR,IN_TEST,71,CD19+ (%),2.2
584,Exercise + Testosterone,SERR,POST_TEST,5,CD19+ (%),2.4
585,Exercise + Testosterone,TTEST,PRE_TEST,10,CD19+ (%),NA
586,Exercise + Testosterone,TTEST,IN_TEST,28,CD19+ (%),0.755
587,Exercise + Testosterone,TTEST,IN_TEST,71,CD19+ (%),0.207
588,Exercise + Testosterone,TTEST,POST_TEST,5,CD19+ (%),0.016
589,Exercise + Testosterone,MEAN,PRE_TEST,10,CD16/56+ (%),11
590,Exercise + Testosterone,MEAN,IN_TEST,28,CD16/56+ (%),12
591,Exercise + Testosterone,MEAN,IN_TEST,71,CD16/56+ (%),13
592,Exercise + Testosterone,MEAN,POST_TEST,5,CD16/56+ (%),12
593,Exercise + Testosterone,SERR,PRE_TEST,10,CD16/56+ (%),1.4
594,Exercise + Testosterone,SERR,IN_TEST,28,CD16/56+ (%),2.1
595,Exercise + Testosterone,SERR,IN_TEST,71,CD16/56+ (%),1.9
596,Exercise + Testosterone,SERR,POST_TEST,5,CD16/56+ (%),1.6
597,Exercise + Testosterone,TTEST,PRE_TEST,10,CD16/56+ (%),NA
598,Exercise + Testosterone,TTEST,IN_TEST,28,CD16/56+ (%),0.432
599,Exercise + Testosterone,TTEST,IN_TEST,71,CD16/56+ (%),0.319
600,Exercise + Testosterone,TTEST,POST_TEST,5,CD16/56+ (%),0.629
601,Exercise + Testosterone,MEAN,PRE_TEST,10,CD3+/CD4+ (%),58
602,Exercise + Testosterone,MEAN,IN_TEST,28,CD3+/CD4+ (%),56
603,Exercise + Testosterone,MEAN,IN_TEST,71,CD3+/CD4+ (%),56
604,Exercise + Testosterone,MEAN,POST_TEST,5,CD3+/CD4+ (%),58
605,Exercise + Testosterone,SERR,PRE_TEST,10,CD3+/CD4+ (%),2.9
606,Exercise + Testosterone,SERR,IN_TEST,28,CD3+/CD4+ (%),3.8
607,Exercise + Testosterone,SERR,IN_TEST,71,CD3+/CD4+ (%),3.0
608,Exercise + Testosterone,SERR,POST_TEST,5,CD3+/CD4+ (%),3.1
609,Exercise + Testosterone,TTEST,PRE_TEST,10,CD3+/CD4+ (%),NA
610,Exercise + Testosterone,TTEST,IN_TEST,28,CD3+/CD4+ (%),0.175
611,Exercise + Testosterone,TTEST,IN_TEST,71,CD3+/CD4+ (%),0.030
612,Exercise + Testosterone,TTEST,POST_TEST,5,CD3+/CD4+ (%),0.841
613,Exercise + Testosterone,MEAN,PRE_TEST,10,CD3+/CD8+ (%),34
614,Exercise + Testosterone,MEAN,IN_TEST,28,CD3+/CD8+ (%),35
615,Exercise + Testosterone,MEAN,IN_TEST,71,CD3+/CD8+ (%),35
616,Exercise + Testosterone,MEAN,POST_TEST,5,CD3+/CD8+ (%),35
617,Exercise + Testosterone,SERR,PRE_TEST,10,CD3+/CD8+ (%),1.9
618,Exercise + Testosterone,SERR,IN_TEST,28,CD3+/CD8+ (%),2.3
619,Exercise + Testosterone,SERR,IN_TEST,71,CD3+/CD8+ (%),2.1
620,Exercise + Testosterone,SERR,POST_TEST,5,CD3+/CD8+ (%),2.0
621,Exercise + Testosterone,TTEST,PRE_TEST,10,CD3+/CD8+ (%),NA
622,Exercise + Testosterone,TTEST,IN_TEST,28,CD3+/CD8+ (%),0.410
623,Exercise + Testosterone,TTEST,IN_TEST,71,CD3+/CD8+ (%),0.460
624,Exercise + Testosterone,TTEST,POST_TEST,5,CD3+/CD8+ (%),0.612
625,Exercise + Testosterone,MEAN,PRE_TEST,10,CD4+/CD45RO+ (%),51
626,Exercise + Testosterone,MEAN,IN_TEST,28,CD4+/CD45RO+ (%),52
627,Exercise + Testosterone,MEAN,IN_TEST,71,CD4+/CD45RO+ (%),53
628,Exercise + Testosterone,MEAN,POST_TEST,5,CD4+/CD45RO+ (%),50
629,Exercise + Testosterone,SERR,PRE_TEST,10,CD4+/CD45RO+ (%),3.3
630,Exercise + Testosterone,SERR,IN_TEST,28,CD4+/CD45RO+ (%),2.7
631,Exercise + Testosterone,SERR,IN_TEST,71,CD4+/CD45RO+ (%),3.1
632,Exercise + Testosterone,SERR,POST_TEST,5,CD4+/CD45RO+ (%),3.1
633,Exercise + Testosterone,TTEST,PRE_TEST,10,CD4+/CD45RO+ (%),NA
634,Exercise + Testosterone,TTEST,IN_TEST,28,CD4+/CD45RO+ (%),0.508
635,Exercise + Testosterone,TTEST,IN_TEST,71,CD4+/CD45RO+ (%),0.059
636,Exercise + Testosterone,TTEST,POST_TEST,5,CD4+/CD45RO+ (%),0.471
637,Exercise + Testosterone,MEAN,PRE_TEST,10,CD8+/CD45RO+ (%),35
638,Exercise + Testosterone,MEAN,IN_TEST,28,CD8+/CD45RO+ (%),35
639,Exercise + Testosterone,MEAN,IN_TEST,71,CD8+/CD45RO+ (%),37
640,Exercise + Testosterone,MEAN,POST_TEST,5,CD8+/CD45RO+ (%),34
641,Exercise + Testosterone,SERR,PRE_TEST,10,CD8+/CD45RO+ (%),3.1
642,Exercise + Testosterone,SERR,IN_TEST,28,CD8+/CD45RO+ (%),3.0
643,Exercise + Testosterone,SERR,IN_TEST,71,CD8+/CD45RO+ (%),2.5
644,Exercise + Testosterone,SERR,POST_TEST,5,CD8+/CD45RO+ (%),3.1
645,Exercise + Testosterone,TTEST,PRE_TEST,10,CD8+/CD45RO+ (%),NA
646,Exercise + Testosterone,TTEST,IN_TEST,28,CD8+/CD45RO+ (%),0.577
647,Exercise + Testosterone,TTEST,IN_TEST,71,CD8+/CD45RO+ (%),0.219
648,Exercise + Testosterone,TTEST,POST_TEST,5,CD8+/CD45RO+ (%),0.376
649,Exercise + Testosterone,MEAN,PRE_TEST,10,CD4+/CD69+ (%),3
650,Exercise + Testosterone,MEAN,IN_TEST,28,CD4+/CD69+ (%),3
651,Exercise + Testosterone,MEAN,IN_TEST,71,CD4+/CD69+ (%),2
652,Exercise + Testosterone,MEAN,POST_TEST,5,CD4+/CD69+ (%),3
653,Exercise + Testosterone,SERR,PRE_TEST,10,CD4+/CD69+ (%),0.9
654,Exercise + Testosterone,SERR,IN_TEST,28,CD4+/CD69+ (%),0.4
655,Exercise + Testosterone,SERR,IN_TEST,71,CD4+/CD69+ (%),0.3
656,Exercise + Testosterone,SERR,POST_TEST,5,CD4+/CD69+ (%),0.4
657,Exercise + Testosterone,TTEST,PRE_TEST,10,CD4+/CD69+ (%),NA
658,Exercise + Testosterone,TTEST,IN_TEST,28,CD4+/CD69+ (%),0.727
659,Exercise + Testosterone,TTEST,IN_TEST,71,CD4+/CD69+ (%),0.484
660,Exercise + Testosterone,TTEST,POST_TEST,5,CD4+/CD69+ (%),0.956
661,Exercise + Testosterone,MEAN,PRE_TEST,10,CD8+/CD69+ (%),8
662,Exercise + Testosterone,MEAN,IN_TEST,28,CD8+/CD69+ (%),4
663,Exercise + Testosterone,MEAN,IN_TEST,71,CD8+/CD69+ (%),3
664,Exercise + Testosterone,MEAN,POST_TEST,5,CD8+/CD69+ (%),4
665,Exercise + Testosterone,SERR,PRE_TEST,10,CD8+/CD69+ (%),3.4
666,Exercise + Testosterone,SERR,IN_TEST,28,CD8+/CD69+ (%),0.9
667,Exercise + Testosterone,SERR,IN_TEST,71,CD8+/CD69+ (%),0.5
668,Exercise + Testosterone,SERR,POST_TEST,5,CD8+/CD69+ (%),1.0
669,Exercise + Testosterone,TTEST,PRE_TEST,10,CD8+/CD69+ (%),NA
670,Exercise + Testosterone,TTEST,IN_TEST,28,CD8+/CD69+ (%),0.317
671,Exercise + Testosterone,TTEST,IN_TEST,71,CD8+/CD69+ (%),0.267
672,Exercise + Testosterone,TTEST,POST_TEST,5,CD8+/CD69+ (%),0.294
673,Exercise + Testosterone,MEAN,PRE_TEST,10,CD4+/HLA-DR+ (%),5
674,Exercise + Testosterone,MEAN,IN_TEST,28,CD4+/HLA-DR+ (%),7
675,Exercise + Testosterone,MEAN,IN_TEST,71,CD4+/HLA-DR+ (%),8
676,Exercise + Testosterone,MEAN,POST_TEST,5,CD4+/HLA-DR+ (%),9
677,Exercise + Testosterone,SERR,PRE_TEST,10,CD4+/HLA-DR+ (%),1.2
678,Exercise + Testosterone,SERR,IN_TEST,28,CD4+/HLA-DR+ (%),2.6
679,Exercise + Testosterone,SERR,IN_TEST,71,CD4+/HLA-DR+ (%),2.7
680,Exercise + Testosterone,SERR,POST_TEST,5,CD4+/HLA-DR+ (%),4.0
681,Exercise + Testosterone,TTEST,PRE_TEST,10,CD4+/HLA-DR+ (%),NA
682,Exercise + Testosterone,TTEST,IN_TEST,28,CD4+/HLA-DR+ (%),0.480
683,Exercise + Testosterone,TTEST,IN_TEST,71,CD4+/HLA-DR+ (%),0.324
684,Exercise + Testosterone,TTEST,POST_TEST,5,CD4+/HLA-DR+ (%),0.449
685,Exercise + Testosterone,MEAN,PRE_TEST,10,CD8+/HLA-DR+ (%),7
686,Exercise + Testosterone,MEAN,IN_TEST,28,CD8+/HLA-DR+ (%),6
687,Exercise + Testosterone,MEAN,IN_TEST,71,CD8+/HLA-DR+ (%),9
688,Exercise + Testosterone,MEAN,POST_TEST,5,CD8+/HLA-DR+ (%),6
689,Exercise + Testosterone,SERR,PRE_TEST,10,CD8+/HLA-DR+ (%),2.5
690,Exercise + Testosterone,SERR,IN_TEST,28,CD8+/HLA-DR+ (%),1.9
691,Exercise + Testosterone,SERR,IN_TEST,71,CD8+/HLA-DR+ (%),3.0
692,Exercise + Testosterone,SERR,POST_TEST,5,CD8+/HLA-DR+ (%),1.5
693,Exercise + Testosterone,TTEST,PRE_TEST,10,CD8+/HLA-DR+ (%),NA
694,Exercise + Testosterone,TTEST,IN_TEST,28,CD8+/HLA-DR+ (%),0.693
695,Exercise + Testosterone,TTEST,IN_TEST,71,CD8+/HLA-DR+ (%),0.252
696,Exercise + Testosterone,TTEST,POST_TEST,5,CD8+/HLA-DR+ (%),0.770
697,Exercise + Testosterone,MEAN,PRE_TEST,10,CD4+/IL-2+ (IFNg-) (%),46
698,Exercise + Testosterone,MEAN,IN_TEST,28,CD4+/IL-2+ (IFNg-) (%),42
699,Exercise + Testosterone,MEAN,IN_TEST,71,CD4+/IL-2+ (IFNg-) (%),42
700,Exercise + Testosterone,MEAN,POST_TEST,5,CD4+/IL-2+ (IFNg-) (%),47
701,Exercise + Testosterone,SERR,PRE_TEST,10,CD4+/IL-2+ (IFNg-) (%),2.6
702,Exercise + Testosterone,SERR,IN_TEST,28,CD4+/IL-2+ (IFNg-) (%),3.0
703,Exercise + Testosterone,SERR,IN_TEST,71,CD4+/IL-2+ (IFNg-) (%),4.4
704,Exercise + Testosterone,SERR,POST_TEST,5,CD4+/IL-2+ (IFNg-) (%),2.1
705,Exercise + Testosterone,TTEST,PRE_TEST,10,CD4+/IL-2+ (IFNg-) (%),NA
706,Exercise + Testosterone,TTEST,IN_TEST,28,CD4+/IL-2+ (IFNg-) (%),0.278
707,Exercise + Testosterone,TTEST,IN_TEST,71,CD4+/IL-2+ (IFNg-) (%),0.421
708,Exercise + Testosterone,TTEST,POST_TEST,5,CD4+/IL-2+ (IFNg-) (%),0.539
709,Exercise + Testosterone,MEAN,PRE_TEST,10,CD4+/IFNg+ (%),30
710,Exercise + Testosterone,MEAN,IN_TEST,28,CD4+/IFNg+ (%),25
711,Exercise + Testosterone,MEAN,IN_TEST,71,CD4+/IFNg+ (%),27
712,Exercise + Testosterone,MEAN,POST_TEST,5,CD4+/IFNg+ (%),22
713,Exercise + Testosterone,SERR,PRE_TEST,10,CD4+/IFNg+ (%),3.5
714,Exercise + Testosterone,SERR,IN_TEST,28,CD4+/IFNg+ (%),2.9
715,Exercise + Testosterone,SERR,IN_TEST,71,CD4+/IFNg+ (%),4.5
716,Exercise + Testosterone,SERR,POST_TEST,5,CD4+/IFNg+ (%),2.4
717,Exercise + Testosterone,TTEST,PRE_TEST,10,CD4+/IFNg+ (%),NA
718,Exercise + Testosterone,TTEST,IN_TEST,28,CD4+/IFNg+ (%),0.171
719,Exercise + Testosterone,TTEST,IN_TEST,71,CD4+/IFNg+ (%),0.574
720,Exercise + Testosterone,TTEST,POST_TEST,5,CD4+/IFNg+ (%),0.035
721,Exercise + Testosterone,MEAN,PRE_TEST,10,CD8+/IFNg+ (IL-2-) (%),35
722,Exercise + Testosterone,MEAN,IN_TEST,28,CD8+/IFNg+ (IL-2-) (%),37
723,Exercise + Testosterone,MEAN,IN_TEST,71,CD8+/IFNg+ (IL-2-) (%),38
724,Exercise + Testosterone,MEAN,POST_TEST,5,CD8+/IFNg+ (IL-2-) (%),37
725,Exercise + Testosterone,SERR,PRE_TEST,10,CD8+/IFNg+ (IL-2-) (%),6.7
726,Exercise + Testosterone,SERR,IN_TEST,28,CD8+/IFNg+ (IL-2-) (%),6.6
727,Exercise + Testosterone,SERR,IN_TEST,71,CD8+/IFNg+ (IL-2-) (%),7.7
728,Exercise + Testosterone,SERR,POST_TEST,5,CD8+/IFNg+ (IL-2-) (%),5.5
729,Exercise + Testosterone,TTEST,PRE_TEST,10,CD8+/IFNg+ (IL-2-) (%),NA
730,Exercise + Testosterone,TTEST,IN_TEST,28,CD8+/IFNg+ (IL-2-) (%),0.260
731,Exercise + Testosterone,TTEST,IN_TEST,71,CD8+/IFNg+ (IL-2-) (%),0.396
732,Exercise + Testosterone,TTEST,POST_TEST,5,CD8+/IFNg+ (IL-2-) (%),0.429
733,Exercise + Testosterone,MEAN,PRE_TEST,10,CD8+/IL-2+ (%),14
734,Exercise + Testosterone,MEAN,IN_TEST,28,CD8+/IL-2+ (%),13
735,Exercise + Testosterone,MEAN,IN_TEST,71,CD8+/IL-2+ (%),14
736,Exercise + Testosterone,MEAN,POST_TEST,5,CD8+/IL-2+ (%),14
737,Exercise + Testosterone,SERR,PRE_TEST,10,CD8+/IL-2+ (%),1.9
738,Exercise + Testosterone,SERR,IN_TEST,28,CD8+/IL-2+ (%),1.2
739,Exercise + Testosterone,SERR,IN_TEST,71,CD8+/IL-2+ (%),1.8
740,Exercise + Testosterone,SERR,POST_TEST,5,CD8+/IL-2+ (%),1.8
741,Exercise + Testosterone,TTEST,PRE_TEST,10,CD8+/IL-2+ (%),NA
742,Exercise + Testosterone,TTEST,IN_TEST,28,CD8+/IL-2+ (%),0.509
743,Exercise + Testosterone,TTEST,IN_TEST,71,CD8+/IL-2+ (%),0.962
744,Exercise + Testosterone,TTEST,POST_TEST,5,CD8+/IL-2+ (%),0.967
745,Exercise + Testosterone,MEAN,PRE_TEST,10,CD4+/CD69+/CD25+ (%) A+B-24hr,10
746,Exercise + Testosterone,MEAN,IN_TEST,28,CD4+/CD69+/CD25+ (%) A+B-24hr,10
747,Exercise + Testosterone,MEAN,IN_TEST,71,CD4+/CD69+/CD25+ (%) A+B-24hr,10
748,Exercise + Testosterone,MEAN,POST_TEST,5,CD4+/CD69+/CD25+ (%) A+B-24hr,9
749,Exercise + Testosterone,SERR,PRE_TEST,10,CD4+/CD69+/CD25+ (%) A+B-24hr,1.4
750,Exercise + Testosterone,SERR,IN_TEST,28,CD4+/CD69+/CD25+ (%) A+B-24hr,1.5
751,Exercise + Testosterone,SERR,IN_TEST,71,CD4+/CD69+/CD25+ (%) A+B-24hr,2.0
752,Exercise + Testosterone,SERR,POST_TEST,5,CD4+/CD69+/CD25+ (%) A+B-24hr,1.4
753,Exercise + Testosterone,TTEST,PRE_TEST,10,CD4+/CD69+/CD25+ (%) A+B-24hr,NA
754,Exercise + Testosterone,TTEST,IN_TEST,28,CD4+/CD69+/CD25+ (%) A+B-24hr,0.626
755,Exercise + Testosterone,TTEST,IN_TEST,71,CD4+/CD69+/CD25+ (%) A+B-24hr,0.911
756,Exercise + Testosterone,TTEST,POST_TEST,5,CD4+/CD69+/CD25+ (%) A+B-24hr,0.270
757,Exercise + Testosterone,MEAN,PRE_TEST,10,CD8+/CD69+/CD25+ (%) A+B-24hr,5
758,Exercise + Testosterone,MEAN,IN_TEST,28,CD8+/CD69+/CD25+ (%) A+B-24hr,5
759,Exercise + Testosterone,MEAN,IN_TEST,71,CD8+/CD69+/CD25+ (%) A+B-24hr,5
760,Exercise + Testosterone,MEAN,POST_TEST,5,CD8+/CD69+/CD25+ (%) A+B-24hr,4
761,Exercise + Testosterone,SERR,PRE_TEST,10,CD8+/CD69+/CD25+ (%) A+B-24hr,0.8
762,Exercise + Testosterone,SERR,IN_TEST,28,CD8+/CD69+/CD25+ (%) A+B-24hr,1.2
763,Exercise + Testosterone,SERR,IN_TEST,71,CD8+/CD69+/CD25+ (%) A+B-24hr,1.1
764,Exercise + Testosterone,SERR,POST_TEST,5,CD8+/CD69+/CD25+ (%) A+B-24hr,1.1
765,Exercise + Testosterone,TTEST,PRE_TEST,10,CD8+/CD69+/CD25+ (%) A+B-24hr,NA
766,Exercise + Testosterone,TTEST,IN_TEST,28,CD8+/CD69+/CD25+ (%) A+B-24hr,0.846
767,Exercise + Testosterone,TTEST,IN_TEST,71,CD8+/CD69+/CD25+ (%) A+B-24hr,0.949
768,Exercise + Testosterone,TTEST,POST_TEST,5,CD8+/CD69+/CD25+ (%) A+B-24hr,0.322
769,Exercise + Testosterone,MEAN,PRE_TEST,10,CD4+/CD69+/CD25+ (%) 3/28 24hr,55
770,Exercise + Testosterone,MEAN,IN_TEST,28,CD4+/CD69+/CD25+ (%) 3/28 24hr,61
771,Exercise + Testosterone,MEAN,IN_TEST,71,CD4+/CD69+/CD25+ (%) 3/28 24hr,59
772,Exercise + Testosterone,MEAN,POST_TEST,5,CD4+/CD69+/CD25+ (%) 3/28 24hr,58
773,Exercise + Testosterone,SERR,PRE_TEST,10,CD4+/CD69+/CD25+ (%) 3/28 24hr,3.5
774,Exercise + Testosterone,SERR,IN_TEST,28,CD4+/CD69+/CD25+ (%) 3/28 24hr,1.5
775,Exercise + Testosterone,SERR,IN_TEST,71,CD4+/CD69+/CD25+ (%) 3/28 24hr,2.8
776,Exercise + Testosterone,SERR,POST_TEST,5,CD4+/CD69+/CD25+ (%) 3/28 24hr,1.6
777,Exercise + Testosterone,TTEST,PRE_TEST,10,CD4+/CD69+/CD25+ (%) 3/28 24hr,NA
778,Exercise + Testosterone,TTEST,IN_TEST,28,CD4+/CD69+/CD25+ (%) 3/28 24hr,0.138
779,Exercise + Testosterone,TTEST,IN_TEST,71,CD4+/CD69+/CD25+ (%) 3/28 24hr,0.151
780,Exercise + Testosterone,TTEST,POST_TEST,5,CD4+/CD69+/CD25+ (%) 3/28 24hr,0.401
781,Exercise + Testosterone,MEAN,PRE_TEST,10,CD8+/CD69+/CD25+ (%) 3/28/24hr,36
782,Exercise + Testosterone,MEAN,IN_TEST,28,CD8+/CD69+/CD25+ (%) 3/28/24hr,42
783,Exercise + Testosterone,MEAN,IN_TEST,71,CD8+/CD69+/CD25+ (%) 3/28/24hr,43
784,Exercise + Testosterone,MEAN,POST_TEST,5,CD8+/CD69+/CD25+ (%) 3/28/24hr,37
785,Exercise + Testosterone,SERR,PRE_TEST,10,CD8+/CD69+/CD25+ (%) 3/28/24hr,3.3
786,Exercise + Testosterone,SERR,IN_TEST,28,CD8+/CD69+/CD25+ (%) 3/28/24hr,3.8
787,Exercise + Testosterone,SERR,IN_TEST,71,CD8+/CD69+/CD25+ (%) 3/28/24hr,3.6
788,Exercise + Testosterone,SERR,POST_TEST,5,CD8+/CD69+/CD25+ (%) 3/28/24hr,2.4
789,Exercise + Testosterone,TTEST,PRE_TEST,10,CD8+/CD69+/CD25+ (%) 3/28/24hr,NA
790,Exercise + Testosterone,TTEST,IN_TEST,28,CD8+/CD69+/CD25+ (%) 3/28/24hr,0.428
791,Exercise + Testosterone,TTEST,IN_TEST,71,CD8+/CD69+/CD25+ (%) 3/28/24hr,0.191
792,Exercise + Testosterone,TTEST,POST_TEST,5,CD8+/CD69+/CD25+ (%) 3/28/24hr,0.566
